{"cameraMode":{"drawMode":0,"name":"Shaded","section":"Shading Mode"},"sceneLighting":true,"audioPlay":false,"sceneViewState":{"showFog":true,"showMaterialUpdate":false,"showSkybox":true,"showFlares":true,"showImageEffects":true,"showParticleSystems":true,"showVisualEffectGraphs":true,"m_FxEnabled":true},"in2DMode":false,"pivot":{"x":-1.4551581144332886,"y":63.77093505859375,"z":-67.48031616210938},"rotation":{"x":-0.22691033780574799,"y":0.0008798625785857439,"z":-0.00022127281408756971,"w":-0.9739420413970947},"size":84.30565643310547,"orthographic":false}