{"cameraMode":{"drawMode":0,"name":"Shaded","section":"Shading Mode"},"sceneLighting":true,"audioPlay":false,"sceneViewState":{"showFog":true,"showMaterialUpdate":false,"showSkybox":true,"showFlares":true,"showImageEffects":true,"showParticleSystems":true,"showVisualEffectGraphs":true,"m_FxEnabled":true},"in2DMode":false,"pivot":{"x":-2.9976868629455568,"y":97.45502471923828,"z":-96.7100830078125},"rotation":{"x":0.2675992548465729,"y":-0.0028903894126415254,"z":0.0008024217677302659,"w":0.9635372757911682},"size":5.499002933502197,"orthographic":false}