{"cameraMode":{"drawMode":0,"name":"Shaded","section":"Shading Mode"},"sceneLighting":true,"audioPlay":false,"sceneViewState":{"showFog":true,"showMaterialUpdate":false,"showSkybox":true,"showFlares":true,"showImageEffects":true,"showParticleSystems":true,"showVisualEffectGraphs":true,"m_FxEnabled":true},"in2DMode":false,"pivot":{"x":26.730152130126954,"y":26.02252960205078,"z":285.26470947265627},"rotation":{"x":0.6054759621620178,"y":-0.008356066420674324,"z":0.006357508711516857,"w":0.7958061695098877},"size":131.9585723876953,"orthographic":false}