{"cameraMode":{"drawMode":0,"name":"Shaded","section":"Shading Mode"},"sceneLighting":false,"audioPlay":false,"sceneViewState":{"showFog":true,"showMaterialUpdate":false,"showSkybox":false,"showFlares":true,"showImageEffects":true,"showParticleSystems":true,"showVisualEffectGraphs":true,"m_FxEnabled":true},"in2DMode":false,"pivot":{"x":-20.31301498413086,"y":13.398776054382325,"z":16.189762115478517},"rotation":{"x":0.006172509398311377,"y":0.6783220171928406,"z":-0.005694969091564417,"w":0.7347297668457031},"size":29.00005340576172,"orthographic":false}