{"cameraMode":{"drawMode":0,"name":"Shaded","section":"Shading Mode"},"sceneLighting":false,"audioPlay":false,"sceneViewState":{"showFog":true,"showMaterialUpdate":false,"showSkybox":false,"showFlares":true,"showImageEffects":true,"showParticleSystems":true,"showVisualEffectGraphs":true,"m_FxEnabled":true},"in2DMode":false,"pivot":{"x":-0.42862534523010256,"y":0.7861003875732422,"z":2.6108436584472658},"rotation":{"x":0.3034689426422119,"y":0.020008226856589319,"z":-0.006373925134539604,"w":0.9526194930076599},"size":21.3100643157959,"orthographic":false}