{"cameraMode":{"drawMode":0,"name":"Shaded","section":"Shading Mode"},"sceneLighting":false,"audioPlay":false,"sceneViewState":{"showFog":true,"showMaterialUpdate":false,"showSkybox":false,"showFlares":true,"showImageEffects":true,"showParticleSystems":true,"showVisualEffectGraphs":true,"m_FxEnabled":true},"in2DMode":false,"pivot":{"x":11.328742980957032,"y":157.90338134765626,"z":-274.94464111328127},"rotation":{"x":-0.03825465589761734,"y":-0.08443193882703781,"z":0.003224946092814207,"w":-0.9957191348075867},"size":59.17472457885742,"orthographic":false}