{"cameraMode":{"drawMode":0,"name":"Shaded","section":"Shading Mode"},"sceneLighting":false,"audioPlay":false,"sceneViewState":{"showFog":true,"showMaterialUpdate":false,"showSkybox":false,"showFlares":true,"showImageEffects":true,"showParticleSystems":true,"showVisualEffectGraphs":true,"m_FxEnabled":true},"in2DMode":false,"pivot":{"x":-27.477087020874025,"y":10.160378456115723,"z":15.179237365722657},"rotation":{"x":-0.017732849344611169,"y":0.7332867980003357,"z":0.019149387255311014,"w":0.6794334650039673},"size":13.501625061035157,"orthographic":false}